{"cameraMode":{"drawMode":0,"name":"Shaded","section":"Shading Mode"},"sceneLighting":true,"audioPlay":false,"sceneViewState":{"showFog":true,"showMaterialUpdate":false,"showSkybox":true,"showFlares":true,"showImageEffects":true,"showParticleSystems":true},"in2DMode":false,"pivot":{"x":1.8282324075698853,"y":0.6817865371704102,"z":0.07038640975952149},"rotation":{"x":0.016340937465429307,"y":0.9775041341781616,"z":-0.19338111579418183,"w":0.08260009437799454},"size":6.8874897956848148,"orthographic":false}